Brand,Product Name,Price (RM),Discount (%),Product Image URL,SKU,Description,Installment,Rating,Reviews
NIKE,NIKE COURT VISION LOW NEXT NATURE MEN'S SHOES WHITE,RM275.00,N/A,//al-ikhsan.com/cdn/shop/files/d_h_dh2987-101_1.jpg?crop=center&height=1100&v=1724662116&width=1100,SKU: DH2987-101-7,"Nike Court Vision Low Next NatureMen's ShoesFRESH OFF THE COURT.In love with the classic look of '80s basketball but have a thing for the fast-paced culture of today's game? Meet the Nike Court Vision Low. A classic remixed with at least 20% recycled materials by weight, its crisp upper and stitched overlays keep the soul of the original style. The plush, low-cut collar keeps it sleek and comfortable for your world.Made with at least 20% recycled material by weight.Whenever you see the Nike Sunburst or the name Next Nature (NN), you see one more step on our journey toward zero carbon and zero waste.Using synthetic materials, the design features materials that echo mid-1980s basketball shoes.Padded, low-cut collar looks sleek and feels great while the perforations on the toe and sides add comfort and breathability. More Details 

Perforations on the toe and sides
Rubber outsole",3 payments of  RM91.66 with,"0 full, 0 half, 5 off",N/A
PUMA,PUMA Court Classic Vulcanized FS Men's Sneakers Beige,RM167.30,30%,//al-ikhsan.com/cdn/shop/files/396353_01_f.jpg?crop=center&height=1100&v=1724054791&width=1100,SKU: 396353 01-8,"PUMA Court Classic Vulcanized FS Men's Sneakers Beige
View Product Details

X
 PUMA Court Classic Vulcanized FS Men's Sneakers Beige",3 payments of  RM55.76 with,"0 full, 0 half, 5 off",N/A
NIKE,NIKE AIR MAX SC MEN'S SHOES WHITE,RM179.40,40%,//al-ikhsan.com/cdn/shop/files/c_w_cw4555-102_f.jpg?crop=center&height=1100&v=1723016388&width=1100,SKU: CW4555-102-7,"Nike Air Max SCMen's ShoesOLD SCHOOL LOOK. NEW SCHOOL COMFORT.With its easy going lines, heritage track look and of course, visible Air cushioning, the Nike Air Max SC is the perfect finish to any outfit. The rich mixture of materials adds depth while making it a durable and lightweight shoe for everyday wear.Real and synthetic leather combine with mesh for a durable construction that's breathable and comfortable to wear all day.Originally designed for running, the Max Air unit delivers lightweight cushioning with every step.The foam midsole adds cushioning to last.The rubber outsole provides traction and durability. More Details 
Traditional lacing
Flex grooves in sole let your foot move naturally

PRODUCT COLOUR :  White/ Black-White",3 payments of  RM59.80 with,"0 full, 0 half, 5 off",N/A
ADIDAS,Adidas Cloudfoam Go Lounger Men's Shoes Black,RM223.20,20%,//al-ikhsan.com/cdn/shop/files/id4019_f.jpg?crop=center&height=1100&v=1723083661&width=1100,SKU: ID4019-7,Adidas Cloudfoam Go Lounger Men's Shoes BLACK,3 payments of  RM74.40 with,"4 full, 0 half, 1 off",Comfortable shoes...
NIKE,Nike Full Force Low Men's Shoes White,RM316.00,20%,//al-ikhsan.com/cdn/shop/files/fb1362-002_f.jpg?crop=center&height=1100&v=1723092830&width=1100,SKU: FB1362-002-10,"Nike Full Force LowMen's ShoesA new shoe with old-school appeal your retro dreams just came true. This pared-back design references the classic AF1, then leans into '80s style with throwback stitching and varsity-inspired colors. Not everything has to be a throwback, though modern comfort and durability make them easy to wear anytime, anywhere. Time to throw them on and go full force.Leather upper ages to soft perfection.Choose from a variety of varsity-inspired colorways to match every mood and look.Exposed foam lets you feel the softness running fully underfoot. More Details 

Foam midsole
Rubber outsole",3 payments of  RM105.33 with,"0 full, 0 half, 5 off",N/A
PUMA,PUMA Court Classic Vulc Men's Sneakers Black,RM167.30,30%,//al-ikhsan.com/cdn/shop/files/395020_03_f.jpg?crop=center&height=1100&v=1723087553&width=1100,SKU: 395020 03-10,PRODUCT COLOUR :  Puma Black/ Puma White,3 payments of  RM55.76 with,"2 full, 0 half, 3 off",Strangely small for its size
ADIDAS,Adidas Racer TR21 Men's Shoes Black,RM174.50,50%,//al-ikhsan.com/cdn/shop/files/gz8185_f.jpg?crop=center&height=1100&v=1724041321&width=1100,SKU: GZ8185-6,"PRODUCT DESCRIPTIONS
RUNNING-INSPIRED SHOES FOR DAILY WEAR.
Bring the comfort and athletic style of running footwear to your everyday look in these adidas shoes. Step through your day confidently with a snug fit and a lightweight midsole that cushions your feet with every step.

This product is made with Primegreen, a series of high-performance recycled materials. 50% of the upper is recycled content. No virgin polyester.
PRODUCT DETAILS
-  Lace closure
-  Textile upper
-  Soft feel
-  Cloudfoam midsole
-  Textile lining
-  Rubber outsole
-  Primegreen
-  Product Colour : Grey Six / Core Black / Sonic Ink F21Adidas Racer TR21 Men's Shoes Black",3 payments of  RM58.16 with,"5 full, 0 half, 0 off",Superb
NIKE,Nike Waffle Debut Men's Shoes Brown,RM237.30,30%,//al-ikhsan.com/cdn/shop/files/fj4196-200_f.jpg?crop=center&height=1100&v=1723090758&width=1100,SKU: FJ4196-200-8,"Nike Waffle DebutMen's ShoesRetro running style gets modernized in the Nike Waffle Debut. Era-echoing suede and nylon pair with a modern wedge-shaped midsole for a look that feels fresh, but classic. Of course, we kept our tried, true and trusted Waffle outsole on the bottom to add durable traction and a touch of character to every step.Nylon and soft suede overlays nod to vintage running roots while textile underlays add durability.Swoosh logos wrap around your heels to form pull tabs, adding aesthetic appeal to on-and-off functionality.Plush foam midsole gives you elevated look and all-day comfort.Rubber Waffle outsole adds durable traction and heritage style. More Details 

Padded collar
Exposed foam tongue
Perforations on heel

PRODUCT COLOUR :  Neutral Olive/ Medium Olive/ Dark Stucco",3 payments of  RM79.10 with,"0 full, 0 half, 5 off",N/A
AL,AL Men's Shoes Black,RM83.40,40%,//al-ikhsan.com/cdn/shop/files/bj-8103m-0135_f.jpg?crop=center&height=1100&v=1724041933&width=1100,SKU: BJ-8103M-0135-10,"AL Men's Shoes Black
View Product Details

X
 AL Men's Shoes Black",3 payments of  RM27.80 with,"0 full, 0 half, 5 off",N/A
PUMA,PUMA Court Classic Vulcanized FS Men's Sneakers Beige,RM167.30,30%,//al-ikhsan.com/cdn/shop/files/395020_01_1.jpg?crop=center&height=1100&v=1729753921&width=1100,SKU: 395020 01-6,PUMA Court Classic Vulcanized FS Men's Sneakers Beige,3 payments of  RM55.76 with,"0 full, 0 half, 5 off",N/A
NIKE,NIKE MEN AIR MAX EXCEE LIFESTYLE WHITE,RM244.30,30%,//al-ikhsan.com/cdn/shop/files/c_d_cd4165-100_f.jpg?crop=center&height=1100&v=1723017125&width=1100,SKU: CD4165-100-10,"Nike Air Max ExceeMen's ShoeICONIC DESIGN WITH A MODERN TWIST.Inspired by the Nike Air Max 90, the Nike Air Max Excee is a celebration of a classic through a new lens. Elongated lines and distorted proportions on the upper bring the '90s look you love into a new, modern space.Visible AirThe Air-Sole unit is visible through 3 windows for an updated look.Lightweight ComfortThe foam midsole and outsole provide comfort without weighing you down.Modern LookElongated design lines honor the Air Max 90 while modernizing it in a provocative way. More Details 

Mesh, leather and suede upper with synthetic leather overlays
Not intended for use as Personal Protective Equipment (PPE)",3 payments of  RM81.43 with,"0 full, 0 half, 5 off",N/A
ADIDAS,Adidas Showtheway 2.0 Men's Shoes Navy,RM114.50,50%,//al-ikhsan.com/cdn/shop/files/gy4702_f.jpg?crop=center&height=1100&v=1723083748&width=1100,SKU: GY4702-3H,Adidas Showtheway 2.0 Men's Shoes NAVY,3 payments of  RM38.16 with,"0 full, 0 half, 5 off",N/A
NIKE,NIKE AIR MAX SC MEN'S SHOES BLACK,RM209.30,30%,//al-ikhsan.com/cdn/shop/files/c_w_cw4555-002_f.jpg?crop=center&height=1100&v=1723016378&width=1100,SKU: CW4555-002-10,"Nike Air Max SCMen's ShoeOLD SCHOOL LOOK. NEW SCHOOL COMFORT.With its easy going lines, heritage track look and of course, visible Air cushioning, the Nike Air Max SC is the perfect finish to any outfit. The rich mixture of materials adds depth while making it a durable and lightweight shoe for everyday wear.Leather, textile and mesh combine for a durable construction that's breathable and comfortable to wear all day.Originally designed for running, the Max Air unit delivers lightweight cushioning with every step.The foam midsole adds cushioning to last.The rubber outsole provides traction and durability. More Details 

Traditional lacing
Flex grooves in sole let your foot move naturally",3 payments of  RM69.76 with,"0 full, 0 half, 5 off",N/A
ADIDAS,Adidas Cloudfoam Move Lounger Men's Shoes in Black,RM160.30,30%,//al-ikhsan.com/cdn/shop/files/id6512_f.jpg?crop=center&height=1100&v=1724662507&width=1100,SKU: ID6512-6,Adidas Cloudfoam Move Lounger Men's Shoes BLACK,3 payments of  RM53.43 with,"0 full, 0 half, 5 off",N/A
ADIDAS,ADIDAS Urban Court Men's Shoes White,RM206.10,10%,//al-ikhsan.com/cdn/shop/files/ie0927_f.jpg?crop=center&height=1100&v=1723090215&width=1100,SKU: IE0927-6H,"PRODUCT DESCRIPTIONS
LAID-BACK SHOES WITH EASY STYLE, MADE IN PART WITH RECYCLED MATERIALS.
A streamlined modern profile gives these adidas shoes a fresh perspective on everyday life. They feature a flexible synthetic upper that rides on a rubber outsole for a solid, grippy step. Their timeless look pairs well with anything for stylish versatility.

Made with a series of recycled materials, this upper features at least 50% recycled content. This product represents just one of our solutions to help end plastic waste.
PRODUCT DETAILS
-  Regular fit
-  Lace closure
-  Synthetic upper
-  Synthetic lining
-  Rubber outsole
-  Colour: Cloud White / Cloud White / Core Black",3 payments of  RM68.70 with,"0 full, 0 half, 5 off",N/A
ADIDAS,Adidas Cloudfoam Go Sock Men's Shoes Black,RM209.30,30%,//al-ikhsan.com/cdn/shop/files/id4036_f_1.jpg?crop=center&height=1100&v=1729752613&width=1100,SKU: ID4036-6,Adidas Cloudfoam Go Sock Men's Shoes BLACK,3 payments of  RM69.76 with,"5 full, 0 half, 0 off",Nice shoes and comfort
NIKE,NIKE AIR MAX SYSTM MEN'S SHOES GREY,RM239.40,40%,//al-ikhsan.com/cdn/shop/files/d_m_dm9537-007_f.jpg?crop=center&height=1100&v=1723026975&width=1100,SKU: DM9537-007-10,"View Product Details
        





X

        Nike Air Max SYSTMMen's ShoesLooks Max, feels Max. The Air Max SYSTM brings back everything you love about your favorite '80s vibes (without the parachute pants). Tried-and-true visible Nike Air cushioning pairs with a sleek, sport-inspired upper. It's Air Max delivering again.Air Max AttitudeOriginally designed for performance running, Max Air cushioning delivers time-tested comfort.Vintage VibesInspired by all your favorite Air Max models from the '80s, you get heritage aesthetics with a modern feel.Lasting StyleMixed material upper delivers durability and breathability while a rubber outsole adds traction that lasts.
PRODUCT COLOUR :  Lt Smoke Grey/ Blue Tint-Iron Grey-Black",3 payments of  RM79.80 with,"5 full, 0 half, 0 off",All good
PUMA,Puma RS X 3D Men's Sneakers BLACK,RM284.50,50%,//al-ikhsan.com/cdn/shop/files/390025_07_1.jpg?crop=center&height=1100&v=1729755026&width=1100,SKU: 390025 07-10,"View Product Details
        





X

PRODUCT STORY
Add a new dimension to your look in bold strides. The revolution of self expression starts here.  with disruptive shapes and bright contrasts that make their mark on the world   just like you.
FEATURES and  BENEFITS
Running System.  PUMA's comfortable cushioning technology celebrates the reinvention of a unique moment and movement in culture
PRODUCT DETAILS
   Textile and mesh upper with synthetic overlays
   Lightweight PU midsole
   Rubber outsole
   Nano printed PUMA Formstrip on lateral and medial sides
   PUMA branding on tongue label
   Rubber heel piece with PUMA branding
PRODUCT COLOUR .   Puma Black/  Puma Red",3 payments of  RM94.83 with,"0 full, 0 half, 5 off",N/A
NIKE,Nike Air Max SC Men's Shoes Grey,RM239.20,20%,//al-ikhsan.com/cdn/shop/files/cw4555-016_f.jpg?crop=center&height=1100&v=1723092455&width=1100,SKU: CW4555-016-8H,"Nike Air Max SCMen's ShoesOLD SCHOOL LOOK. NEW SCHOOL COMFORT.With its easy going lines, heritage track look and of course, visible Air cushioning, the Nike Air Max SC is the perfect finish to any outfit. The rich mixture of materials adds depth while making it a durable and lightweight shoe for everyday wear.Real and synthetic leather combine with mesh for a durable construction that's breathable and comfortable to wear all day.Originally designed for running, the Max Air unit delivers lightweight cushioning with every step.The foam midsole adds cushioning to last.The rubber outsole provides traction and durability. More Details 

Traditional lacing
Flex grooves in sole let your foot move naturally
Color: Wolf Grey/Dark Team Red-Burgundy Crush",3 payments of  RM79.73 with,"5 full, 0 half, 0 off",i love it.. so cantikkkkk :>
PUMA,PUMA Softride Flex Slip-On Knit Men's Shoes Black,RM160.30,30%,//al-ikhsan.com/cdn/shop/files/309833_01_f.jpg?crop=center&height=1100&v=1723090165&width=1100,SKU: 309833 01-10,"PRODUCT DESCRIPTIONS
PUMA's SOFTRIDE technology represents an advancement in footwear comfort. It incorporates our softest foam, designed to deliver extreme cushioning that promotes sustained comfort throughout the day. The SOFTRIDE midsole, softer and lighter than traditional EVA, extends through the full length of the shoe. This innovative construction enhances the wearer's experience, providing lightweight support during daily activities.

Step in everyday to comfort and performance to a whole new level. With its laceless upper construction, you have an ergonomic shape, while the breathable materials gives you the support and flexibility you need. The comfort sockliner, meanwhile, provides all-day cushioning. Add to that the classic PUMA logo and you have a pair of sneakers that are ideal for everyday wear.
PRODUCT DETAILS
Heel type: Flat
Shoe width: Wide fit
Shoe pronation: Neutral
Heel-to-toe-drop: 8 mm
Low boot construction
Slip-on upper construction
SoftFoam+ sockliner for cushioning and comfort
Textile upper
Zoned rubber outsole
PUMA cat logo at back.",3 payments of  RM53.43 with,"5 full, 0 half, 0 off",Lembut .sedap berjalan atas lantai..untuk yang bekerja banyak berjalan
AL,AL Men's Shoes White,RM83.40,40%,//al-ikhsan.com/cdn/shop/files/bj-8103m-12_f.jpg?crop=center&height=1100&v=1723087387&width=1100,SKU: BJ-8103M-12-8,AL Men's Shoes White,3 payments of  RM27.80 with,"0 full, 0 half, 5 off",N/A
ADIDAS,Adidas Racer TR21 Men's Shoes Navy,RM174.50,50%,//al-ikhsan.com/cdn/shop/files/hp2721_f.jpg?crop=center&height=1100&v=1723083181&width=1100,SKU: HP2721-7H,"PRODUCT DESCRIPTIONS
RUNNING-INSPIRED SHOES FOR DAILY WEAR.
Bring the comfort and athletic style of running footwear to your everyday look in these adidas shoes. Step through your day confidently with a snug fit and a lightweight midsole that cushions your feet with every step.

This product is made with Primegreen, a series of high-performance recycled materials. 50% of the upper is recycled content. No virgin polyester.
PRODUCT DETAILS
-  Lace closure
-  Textile upper
-  Soft feel
-  Cloudfoam midsole
-  Textile lining
-  Rubber outsole
-  Primegreen
-  Product Colour : Legend Ink / Cloud White / Better Scarlet",3 payments of  RM58.16 with,"0 full, 0 half, 5 off",N/A
NIKE,NIKE COURT LEGACY MEN'S SHOES WHITE,RM215.20,20%,//al-ikhsan.com/cdn/shop/files/d_h_dh3162-100_f.jpg?crop=center&height=1100&v=1723016496&width=1100,SKU: DH3162-100-10,"Nike Court LegacyMen's ShoesCOURT-INSPIRED CLASSIC.Honoring a history rooted in tennis culture, the Nike Court Legacy brings you a time-tested staple. Its pebbled upper, heritage stitching and retro Swoosh design let you blend sport and fashion. And, you get to do good by looking good.This product is made with at least 20% recycled materials by weight.Pebbled upper provides high-quality durability and comfort.Full-length rubber outsole with herringbone traction pattern delivers multi-surface traction. More Details 

Canvas detailing
Low-cut, padded collar looks sleek and feels great

PRODUCT COLOUR :White/ Black/ Desert Ochre",3 payments of  RM71.73 with,"0 full, 0 half, 5 off",N/A
NIKE,Nike Air Max SC Men's Shoes White,RM209.30,30%,//al-ikhsan.com/cdn/shop/files/cw4555-107_f.jpg?crop=center&height=1100&v=1724662074&width=1100,SKU: CW4555-107-10,"Nike Air Max SCMen's ShoesOLD SCHOOL LOOK. NEW SCHOOL COMFORT.With its easy going lines, heritage track look and of course, visible Air cushioning, the Nike Air Max SC is the perfect finish to any outfit. The rich mixture of materials adds depth while making it a durable and lightweight shoe for everyday wear.Real and synthetic leather combine with mesh for a durable construction that's breathable and comfortable to wear all day.Originally designed for running, the Max Air unit delivers lightweight cushioning with every step.The foam midsole adds cushioning to last.The rubber outsole provides traction and durability. More Details 

Traditional lacing
Flex grooves in sole let your foot move naturally

PRODUCT COLOUR :  White/ Wolf Grey-University Red-Black",3 payments of  RM69.76 with,"5 full, 0 half, 0 off",Nice
ADIDAS,Adidas Cloudfoam Go Lounger Men's Shoes Blue,RM195.30,30%,//al-ikhsan.com/cdn/shop/files/id4020_f.jpg?crop=center&height=1100&v=1723083652&width=1100,SKU: ID4020-7,Adidas Cloudfoam Go Lounger Men's Shoes BLUE,3 payments of  RM65.10 with,"3 full, 1 half, 1 off","If you plan to buy it for work purposes, please take a sketcher."
ADIDAS,Adidas Cloudfoam Go Sock Men's Shoes Blue,RM209.30,30%,//al-ikhsan.com/cdn/shop/files/ID4037_1_f0f6f6af-b23d-4304-8ca8-809421dfe7b2.jpg?crop=center&height=1100&v=1729752989&width=1100,SKU: ID4037-8H,Adidas Cloudfoam Go Sock Men's Shoes BLUE,3 payments of  RM69.76 with,"5 full, 0 half, 0 off",Shoes fits great. Soft and supportive where required. The experience is truly like  walking on clouds!
NIKE,NIKE AIR MAX EXCEE MEN'S SHOES BLACK,RM263.40,40%,//al-ikhsan.com/cdn/shop/files/d_z_dz0795-001_f.jpg?crop=center&height=1100&v=1723027793&width=1100,SKU: DZ0795-001-10,"View Product Details
        





X

        Nike Air Max ExceeMen's ShoesGet into the groove with the Air Max Excee, featuring subtle pops of color for style that defies time. Inspired by the Air Max 90, these kicks deliver a modern twist on a legendary icon through elongated design lines and distorted proportions.Upper combines mesh and leather for a layered look that's breathable and durable.Visible through 3 windows, Max Air cushioning has just the right amount of support.Padded, low-cut collar looks sleek and feels comfortable. More Details 

Stitched overlays
Foam midsole
Rubber outsole

PRODUCT COLOUR :  Black/ Wolf Grey-Team Red-Black",3 payments of  RM87.80 with,"0 full, 0 half, 5 off",N/A
NIKE,NIKE COURT LEGACY CANVAS MEN'S SHOES WHITE,RM123.00,40%,//al-ikhsan.com/cdn/shop/files/c_w_cw6539-100_f.jpg?crop=center&height=1100&v=1723016468&width=1100,SKU: CW6539-100-9,"Nike Court Legacy CanvasMen's ShoesA COURT ICON, REIMAGINED FOR THE STREET.Honoring its history in tennis culture, the Nike Court Legacy Canvas reinvents a classic with its modern, street-worthy design. Made with durable canvas and featuring heritage details, the style nods to those that inspired us all to carry sport and fashion beyond the boundary.The deconstructed upper features durable canvas.The foam insole offers lightweight, responsive cushioning.Full-length rubber outsole with herringbone traction pattern delivers multi-surface traction. More Details 

Plush foam insole
Swoosh license plate on back heel tape",3 payments of  RM41.00 with,"5 full, 0 half, 0 off",Good service
ADIDAS,ADIDAS MEN CORERACER SHOES LIFESTYLE BLACK,RM114.50,50%,//al-ikhsan.com/cdn/shop/files/f_x_fx3593_f.jpg?crop=center&height=1100&v=1723001485&width=1100,SKU: FX3593-8,"The adidas Coreracer Shoes strike a perfect balance of running support and streetwear style. They're lightweight and breathable, to keep feet wrapped in all-day comfort. The adidas Badge of Sport completes the performance look.",3 payments of  RM38.16 with,"0 full, 0 half, 5 off",N/A
ADIDAS,Adidas Racer TR21 Men's Shoes Black,RM174.50,50%,//al-ikhsan.com/cdn/shop/files/gz8184_f.jpg?crop=center&height=1100&v=1726655905&width=1100,SKU: GZ8184-10,"PRODUCT DESCRIPTIONS
RUNNING-INSPIRED SHOES FOR DAILY WEAR.
Bring the comfort and athletic style of running footwear to your everyday look in these adidas shoes. Step through your day confidently with a snug fit and a lightweight midsole that cushions your feet with every step.

This product is made with Primegreen, a series of high-performance recycled materials. 50% of the upper is recycled content. No virgin polyester.
PRODUCT DETAILS
-  Lace closure
-  Textile upper
-  Soft feel
-  Cloudfoam midsole
-  Textile lining
-  Rubber outsole
-  Primegreen
-  Product Colour : Core Black / Cloud White / Core Black",3 payments of  RM58.16 with,"5 full, 0 half, 0 off","Bought this during Sales, and fits perfectly with me and have been using it since then. The design was superb, also made from recycle items made it more special. A must have for Adidas fans."
ADIDAS,ADIDAS SHOWTHEWAY 2.0 MEN S SHOES,RM206.10,10%,//al-ikhsan.com/cdn/shop/files/g_y_gy6348_f.jpg?crop=center&height=1100&v=1726655835&width=1100,SKU: GY6348-10,"PRODUCT DESCRIPTIONS
RUNNING SHOES FOR ALL DAY COMFORT, MADE IN PART WITH RECYCLED MATERIALS.
Whether you re stepping out for a morning jog through the neighbourhood or wanting to bring some running inspiration to your everyday wardrobe, lace up in these adidas shoes. The lightweight mesh upper is breathable, to keep feet cool even in warm weather, while a cushioned midsole cradles every step for all day comfort. Classic 3 Stripes graphics keep your look rooted in sports.

Made with a series of recycled materials, this upper features at least 50% recycled content. This product represents just one of our solutions to help end plastic waste.
PRODUCT DETAILS
   Regular fit
   Lace closure
   Mesh upper
   Synthetic lining
   Cushioned midsole
   Flex grooves
   Rubber outsole
   Upper contains a minimum of 50% recycled content
   Product Colour: Core Black / Cloud White / Core Black",3 payments of  RM68.70 with,"0 full, 0 half, 5 off",N/A
ADIDAS,ADIDAS SHOWTHEWAY 2.0 MEN S SHOES,RM114.50,50%,//al-ikhsan.com/cdn/shop/files/g_y_gy6346_f.jpg?crop=center&height=1100&v=1726655805&width=1100,SKU: GY6346-6H,"PRODUCT DESCRIPTIONS
RUNNING SHOES FOR ALL DAY COMFORT, MADE IN PART WITH RECYCLED MATERIALS.
Whether you re stepping out for a morning jog through the neighbourhood or wanting to bring some running inspiration to your everyday wardrobe, lace up in these adidas shoes. The lightweight mesh upper is breathable, to keep feet cool even in warm weather, while a cushioned midsole cradles every step for all day comfort. Classic 3 Stripes graphics keep your look rooted in sports.

Made with a series of recycled materials, this upper features at least 50% recycled content. This product represents just one of our solutions to help end plastic waste.
PRODUCT DETAILS
   Regular fit
   Lace closure
   Mesh upper
   Synthetic lining
   Cushioned midsole
   Flex grooves
   Rubber outsole
   Upper contains a minimum of 50% recycled content
   Product Colour: Cloud White / Chalk White / Chalk White",3 payments of  RM38.16 with,"0 full, 0 half, 5 off",N/A
PUMA,PUMA Club Men's Shoes Black,RM230.30,30%,//al-ikhsan.com/cdn/shop/files/381111_27_f.jpg?crop=center&height=1100&v=1723090116&width=1100,SKU: 381111 27-11,"PRODUCT DESCRIPTIONS
Show perfect style on the streets with this football-inspired model. Our PUMA Club sneakers combine a suede upper with classic PUMA elements, such as the comfort of a SoftFoam+ insole and a rubber sole, for a sleek and sporty look, perfect for sneaker fans looking for a chic novelty for their wardrobe.",3 payments of  RM76.76 with,"0 full, 0 half, 5 off",N/A
ADIDAS,Adidas Cloudfoam Move Lounger Men's Shoes Blue,RM160.30,30%,//al-ikhsan.com/cdn/shop/files/id6511_f.jpg?crop=center&height=1100&v=1723083587&width=1100,SKU: ID6511-6,Adidas Cloudfoam Move Lounger Men's Shoes BLUE,3 payments of  RM53.43 with,"0 full, 0 half, 5 off",N/A
PUMA,Puma RS X 3D Men's Sneakers MULTI,RM284.50,50%,//al-ikhsan.com/cdn/shop/files/3_9_390025-08_2.jpg?crop=center&height=1100&v=1723025788&width=1100,SKU: 390025 08-10,"View Product Details
        





X

PRODUCT STORY
Add a new dimension to your look in bold strides. The revolution of self expression starts here.  with disruptive shapes and bright contrasts that make their mark on the world   just like you.
FEATURES and  BENEFITS
Running System.  PUMA's comfortable cushioning technology celebrates the reinvention of a unique moment and movement in culture
PRODUCT DETAILS
   Textile and mesh upper with synthetic overlays
   Lightweight PU midsole
   Rubber outsole
   Nano printed PUMA Formstrip on lateral and medial sides
   PUMA branding on tongue label
   Rubber heel piece with PUMA branding
PRODUCT COLOUR .   Puma White/ Ash Gray",3 payments of  RM94.83 with,"0 full, 0 half, 5 off",N/A
NIKE,Nike Air Max SC Men's Shoes White,RM213.00,40%,//al-ikhsan.com/cdn/shop/files/fq8737-100_f.jpg?crop=center&height=1100&v=1726657490&width=1100,SKU: FQ8737-100-12,"Nike Air Max SCMen's ShoesWith its heritage track look and visible cushioning, the Air Max SC is the perfect finish to any outfit. Lightweight, durable materials meet the demands you throw at them, making these sneakers the easy choice for whatever the day has in store for you.Leather in upper combines with airy knits and mesh for durable construction that's breathable and comfortable enough to wear all day.Originally designed for running, Max Air unit delivers lightweight cushioning with every step.Foam midsole adds cushioning that lasts.Rubber outsole provides traction and durability.
PRODUCT COLOUR :  White/ Game Royal/ Black",3 payments of  RM71.00 with,"0 full, 0 half, 5 off",N/A
NIKE,Nike Air Max SC Men's Shoes White,RM239.20,20%,//al-ikhsan.com/cdn/shop/files/cw4555-113_f.jpg?crop=center&height=1100&v=1723092444&width=1100,SKU: CW4555-113-10,"Nike Air Max SCMen's ShoesOLD SCHOOL LOOK. NEW SCHOOL COMFORT.With its easy going lines, heritage track look and of course, visible Air cushioning, the Nike Air Max SC is the perfect finish to any outfit. The rich mixture of materials adds depth while making it a durable and lightweight shoe for everyday wear.Real and synthetic leather combine with mesh for a durable construction that's breathable and comfortable to wear all day.Originally designed for running, the Max Air unit delivers lightweight cushioning with every step.The foam midsole adds cushioning to last.The rubber outsole provides traction and durability. More Details 

Traditional lacing
Flex grooves in sole let your foot move naturally
Color: White/Lt Photo Blue-Thunder Blue-White",3 payments of  RM79.73 with,"5 full, 0 half, 0 off",üëçüèºüëçüèºüëçüèº
NIKE,NIKE MEN NIKE AIR MAX EXCEE LIFESTYLE,RM244.30,30%,//al-ikhsan.com/cdn/shop/files/c_d_cd4165-001-phsrh000-2000_f.jpg?crop=center&height=600&v=1723627793&width=600,SKU: CD4165-001-10,"NIKE BRINGS INSPIRATION AND MOTIVATION TO EVERY ATHLETE IN THE WORLDFounded in 1964, Nike has grown to become one of the leading manufacturers of sports apparel, footwear, and equipment worldwide, earning over 24 billion dollars in 2014 alone",3 payments of  RM81.43 with,"0 full, 0 half, 5 off",N/A
PUMA,PUMA Club 5v5 Men's Shoes Beige,RM230.30,30%,//al-ikhsan.com/cdn/shop/files/389406_08_f.jpg?crop=center&height=1100&v=1723090106&width=1100,SKU: 389406 08-11,"PRODUCT DESCRIPTIONS
Inspired by terrace culture, the Puma 5v5s combine the DNA of football boots with a modern court-type silhouette to meet new demands. The upper cleverly mixes natural and synthetic leather, and is enhanced by the classic side wave and gold laminated logo detail that adds a glamorous touch. The SoftFoam insole makes the step light thanks to its cushioning function. The low rubber sole that grips the ground sports a wavy profile.",3 payments of  RM76.76 with,"0 full, 0 half, 5 off",N/A
PUMA,PUMA Court Classic Vulcanized Mid Men's Sneakers Grey,RM188.30,30%,//al-ikhsan.com/cdn/shop/files/396149_03_f.jpg?crop=center&height=1100&v=1723090047&width=1100,SKU: 396149 03-7,PUMA Court Classic Vulcanized Mid Men's Sneakers Grey,3 payments of  RM62.76 with,"0 full, 0 half, 5 off",N/A
UMBRO,Umbro Diamondback 500T Men's Shoes Blue,RM149.40,40%,//al-ikhsan.com/cdn/shop/files/40419u-mdj_f.jpg?crop=center&height=1100&v=1723087308&width=1100,SKU: 40419U-MDJ-10,Umbro Diamondback 500T Men's Shoes Blue,3 payments of  RM49.80 with,"0 full, 0 half, 5 off",N/A
NIKE,NIKE COURT LEGACY MEN'S SHOES WHITE,RM242.10,10%,//al-ikhsan.com/cdn/shop/files/d_h_dh3162-101_f.jpg?crop=center&height=1100&v=1723027489&width=1100,SKU: DH3162-101-12,"View Product Details
        





X

        Nike Court LegacyMen's ShoesCOURT-INSPIRED CLASSIC.Honoring a history rooted in tennis culture, the Nike Court Legacy brings you a time-tested staple. Its pebbled upper, heritage stitching and retro Swoosh design let you blend sport and fashion. And, you get to do good by looking good.This product is made with at least 20% recycled materials by weight.Pebbled upper provides high-quality durability and comfort.Full-length rubber outsole with herringbone traction pattern delivers multi-surface traction. More Details 

Canvas detailing
Low-cut, padded collar looks sleek and feels great

PRODUCT COLOUR :  White/ White-Black",3 payments of  RM80.70 with,"0 full, 0 half, 5 off",N/A
ADIDAS,Adidas Ozelle Cloudfoam Shoes GREY,RM164.50,50%,//al-ikhsan.com/cdn/shop/files/i_f_if2855_f.jpg?crop=center&height=1100&v=1723023095&width=1100,SKU: IF2855-6,"PRODUCT DESCRIPTIONS
Running-style sneakers with futuristic style, made in part with recycled materials. 
These adidas running shoes take it back to the '90s. At the same time, they go full speed into the future. The thick design lines and sturdy outsole are well-matched by the soft Cloudfoam midsole, which adds springiness to your run. The classic sporty shape is elevated by the upper's rich mix of materials. Go high. Go low. Go everywhere in these sneakers.

Made with a series of recycled materials, this upper features at least 50% recycled content. This product represents just one of our solutions to help end plastic waste.
PRODUCT DETAILS
-  Regular fit
-  Lace closure
-  Textile upper
-  Cloudfoam midsole
-  Textile lining
-  Product Colour :  Grey Four/ Grey Six/ Grey Six",3 payments of  RM54.83 with,"0 full, 0 half, 5 off",N/A
SKECHERS,SKECHERS MEN IRRADIATE LIFESTYLE BLACK,RM181.30,30%,//al-ikhsan.com/cdn/shop/files/8_7_8790050-bbk_f.jpg?crop=center&height=1100&v=1723021840&width=1100,SKU: 8790050-BBK-10,SKECHERS MEN IRRADIATE LIFESTYLE BLACK,3 payments of  RM60.43 with,"0 full, 0 half, 5 off",N/A
NEW BALANCE,New Balance 373 Lifestyle Sneakers,RM314.10,10%,//al-ikhsan.com/cdn/shop/files/WL373WG2_1_90b75f30-e0bd-4b55-9efe-9294a3dfba8d.jpg?crop=center&height=1100&v=1729842310&width=1100,SKU: WL373WG2-8,"Product DescriptionUnisex sneakers from the classic 373 series.
The upper is made of natural leather, synthetic materials and mesh.
The midsole is filled with soft EVA foam that provides good cushioning when hitting hard surfaces.
The firm and durable rubber sole with a classic pattern guarantees optimal adhesion to the surface and high comfort.
Unisex sneakers from the 373 series will do the job for everyday wear, you can create a casual outfit.",3 payments of  RM104.70 with,"0 full, 0 half, 5 off",N/A
NEW BALANCE,New Balance 373 Lifestyle Sneakers White,RM314.10,10%,//al-ikhsan.com/cdn/shop/files/ML373SW2_1_91d9edfc-a910-40fd-9853-828071647bb6.jpg?crop=center&height=1100&v=1729842261&width=1100,SKU: ML373SW2-10,"Product DescriptionUnisex sneakers from the classic 373 series.
The upper is made of natural leather, synthetic materials and mesh.
The midsole is filled with soft EVA foam that provides good cushioning when hitting hard surfaces.
The firm and durable rubber sole with a classic pattern guarantees optimal adhesion to the surface and high comfort.
Unisex sneakers from the 373 series will do the job for everyday wear, you can create a casual outfit.",3 payments of  RM104.70 with,"5 full, 0 half, 0 off",Nice
NEW BALANCE,New Balance BB80 Lifestyle Sneakers,RM359.10,10%,//al-ikhsan.com/cdn/shop/files/BB80RTG_1_b0b4eb26-8185-4022-8817-bc7d932a4744.jpg?crop=center&height=1100&v=1729842202&width=1100,SKU: BB80RTG-10,"Product DescriptionThe BB80 series are New Balance's lifestyle, basketball-inspired sneakers for everyday wear.
The upper is made from a combination of leather and synthetic materials.
The durable rubber sole is characterized by good adhesion to the surface, resistance to mechanical damage and excessive wear during walking. The appearance of
the New Balance BB80 sneakers mainly refers to the iconic 550 and 480 series .
Footwear for her and for him will perfectly complement women's and men's lifestyle clothing .",3 payments of  RM119.70 with,"0 full, 0 half, 5 off",N/A
NIKE,Nike Court Vision Low Next Nature Men's Shoes,RM247.50,10%,//al-ikhsan.com/cdn/shop/files/DH2987-006_1_3db5e9b3-ace9-4f42-88db-220eeaf1f4f1.jpg?crop=center&height=1100&v=1729758688&width=1100,SKU: DH2987-006-10,"Nike Court Vision Low Next NatureMen's ShoesFRESH OFF THE COURT.In love with the classic look of '80s basketball but have a thing for the fast-paced culture of today's game? Meet the Nike Court Vision Low. A classic remixed with at least 20% recycled materials by weight, its crisp upper and stitched overlays keep the soul of the original style. The plush, low-cut collar keeps it sleek and comfortable for your world.Made with at least 20% recycled material by weight.Whenever you see the Nike Sunburst or the name Next Nature (NN), you see one more step on our journey toward zero carbon and zero waste.Using synthetic materials, the design features materials that echo mid-1980s basketball shoes.Padded, low-cut collar looks sleek and feels great while the perforations on the toe and sides add comfort and breathability. More Details 

Perforations on the toe and sides
Rubber outsole",3 payments of  RM82.50 with,"0 full, 0 half, 5 off",N/A
AL,AL Men's Shoes Black-SW23,RM111.20,20%,//al-ikhsan.com/cdn/shop/files/sw23-06540m-m-01_f.jpg?crop=center&height=1100&v=1726656466&width=1100,SKU: SW23-06540M-M-01-10,AL Men's Shoes Black,3 payments of  RM37.06 with,"0 full, 0 half, 5 off",N/A
ADIDAS,ADIDAS SHOWTHEWAY 2.0 MEN S SHOES,RM229.00,N/A,//al-ikhsan.com/cdn/shop/files/g_y_gy6347_f.jpg?crop=center&height=1100&v=1726655820&width=1100,SKU: GY6347-6,"PRODUCT DESCRIPTIONS
RUNNING SHOES FOR ALL DAY COMFORT, MADE IN PART WITH RECYCLED MATERIALS.
Whether you re stepping out for a morning jog through the neighbourhood or wanting to bring some running inspiration to your everyday wardrobe, lace up in these adidas shoes. The lightweight mesh upper is breathable, to keep feet cool even in warm weather, while a cushioned midsole cradles every step for all day comfort. Classic 3 Stripes graphics keep your look rooted in sports.

Made with a series of recycled materials, this upper features at least 50% recycled content. This product represents just one of our solutions to help end plastic waste.
PRODUCT DETAILS
   Regular fit
   Lace closure
   Mesh upper
   Synthetic lining
   Cushioned midsole
   Flex grooves
   Rubber outsole
   Upper contains a minimum of 50% recycled content
   Product Colour: Core Black / Carbon / Core Black",3 payments of  RM76.33 with,"0 full, 0 half, 5 off",N/A
ADIDAS,ADIDAS NEBZED CLOUDFOAM MEN'S SHOES BLACK,RM149.50,50%,//al-ikhsan.com/cdn/shop/files/g_x_gx4275_f.jpg?crop=center&height=1100&v=1726655769&width=1100,SKU: GX4275-6,"PRODUCT DESCRIPTIONS
EVERYDAY LIGHTWEIGHT SHOES MADE IN PART WITH RECYCLED MATERIALS.
Keep it moving. With a sculpted Cloudfoam midsole, these adidas shoes are made for active days. A breathable textile upper and moulded heel counter combine to keep your feet comfortable even after hours of running around. Made with a series of recycled materials, this upper features at least 50% recycled content. This product represents just one of our solutions to help end plastic waste.
PRODUCT DETAILS
-  Regular fit
-  Lace closure
-  Textile upper
-  Textile lining
-  Cloudfoam midsole
-  Moulded heel counter
-  Rubber outsole
-  Upper contains a minimum of 50% recycled content
-- Product Colour : Core Black / Core Black / Cloud White",3 payments of  RM49.83 with,"0 full, 0 half, 5 off",N/A
ADIDAS,ADIDAS NEBZED CLOUDFOAM MEN'S SHOES BLACK,RM149.50,50%,//al-ikhsan.com/cdn/shop/files/g_x_gx4274_f.jpg?crop=center&height=1100&v=1726655755&width=1100,SKU: GX4274-6,"PRODUCT DESCRIPTIONS
EVERYDAY LIGHTWEIGHT SHOES MADE IN PART WITH RECYCLED MATERIALS.
Keep it moving. With a sculpted Cloudfoam midsole, these adidas shoes are made for active days. A breathable textile upper and moulded heel counter combine to keep your feet comfortable even after hours of running around. Made with a series of recycled materials, this upper features at least 50% recycled content. This product represents just one of our solutions to help end plastic waste.
PRODUCT DETAILS
-  Regular fit
-  Lace closure
-  Textile upper
-  Textile lining
-  Cloudfoam midsole
-  Moulded heel counter
-  Rubber outsole
-  Upper contains a minimum of 50% recycled content
-- Product Colour : Core Black / Core Black / Core Black",3 payments of  RM49.83 with,"5 full, 0 half, 0 off",Veryy good
ADIDAS,ADIDAS Urban Court Men's Shoes Grey,RM160.30,30%,//al-ikhsan.com/cdn/shop/files/if9788_f.jpg?crop=center&height=1100&v=1723090175&width=1100,SKU: IF9788-6,"PRODUCT DESCRIPTIONS
LAID-BACK SHOES WITH EASY STYLE, MADE IN PART WITH RECYCLED MATERIALS.
A streamlined modern profile gives these adidas shoes a fresh perspective on everyday life. They feature a flexible synthetic upper that rides on a rubber outsole for a solid, grippy step. Their timeless look pairs well with anything for stylish versatility.

Made with a series of recycled materials, this upper features at least 50% recycled content. This product represents just one of our solutions to help end plastic waste.
PRODUCT DETAILS
-  Regular fit
-  Lace closure
-  Synthetic upper
-  Synthetic lining
-  Rubber outsole
-  Colour: Charcoal / Off White / Charcoal",3 payments of  RM53.43 with,"0 full, 0 half, 5 off",N/A
ADIDAS,Adidas Cloudfoam Move Sock Men's Shoes Black,RM188.30,30%,//al-ikhsan.com/cdn/shop/files/id6519_f.jpg?crop=center&height=1100&v=1723083551&width=1100,SKU: ID6519-6H,Adidas Cloudfoam Move Sock Men's Shoes BLACK,3 payments of  RM62.76 with,"0 full, 0 half, 5 off",N/A
ADIDAS,Adidas Cloudfoam Move Sock Men's Shoes Grey,RM188.30,30%,//al-ikhsan.com/cdn/shop/files/id6522_f_1.jpg?crop=center&height=1100&v=1729754573&width=1100,SKU: ID6522-6,Adidas Cloudfoam Move Sock Men's Shoes GREY,3 payments of  RM62.76 with,"0 full, 0 half, 5 off",N/A
FILA,FILA Fieldgage Unisex Lifetyle Shoes White,RM224.10,10%,//al-ikhsan.com/cdn/shop/files/1RM02557G-100_1_4d79600e-4695-4f5d-bcf1-5d7bd7f2a696.jpg?crop=center&height=1100&v=1732876279&width=1100,SKU: 1RM02557G-100-230,FILA Fieldgage Unisex Lifetyle Shoes White,3 payments of  RM74.70 with,"0 full, 0 half, 5 off",N/A
FILA,FILA Taurus Evo Unisex Lifestyle Shoes White,RM287.10,10%,//al-ikhsan.com/cdn/shop/files/1RM02858G-896_1_f906845d-06d0-431a-8c64-427f9169a1f9.jpg?crop=center&height=1100&v=1732876272&width=1100,SKU: 1RM02858G-896-230,FILA Taurus Evo Unisex Lifestyle Shoes White,3 payments of  RM95.70 with,"0 full, 0 half, 5 off",N/A
SKECHERS,SKECHERS Reiff Men's Lifestyle Shoes Black,RM179.10,10%,//al-ikhsan.com/cdn/shop/files/8790244-BKW_1_10c4cd6d-e15a-48ef-97a4-47f62796e6de.jpg?crop=center&height=1100&v=1732876249&width=1100,SKU: 8790244-BKW-10,SKECHERS Reiff Men's Lifestyle Shoes Black,3 payments of  RM59.70 with,"0 full, 0 half, 5 off",N/A
SKECHERS,SKECHERS Flection 3.0 Men's Lifestyle Shoes Black,RM199.00,N/A,//al-ikhsan.com/cdn/shop/files/8790219-CHAR_1_29e76402-7b20-41b6-9b5e-6450cdaca4f6.jpg?crop=center&height=1100&v=1732876257&width=1100,SKU: 8790219-CHAR-9,SKECHERS Flection 3.0 Men's Lifestyle Shoes Black,3 payments of  RM66.33 with,"0 full, 0 half, 5 off",N/A
SKECHERS,SKECHERS Flection Men's Lifestyle Shoes Grey,RM139.30,30%,//al-ikhsan.com/cdn/shop/files/8790172-CCBK_1_8ae22d29-8da3-4f03-b9f2-c082cfd8546f.jpg?crop=center&height=1100&v=1732675848&width=1100,SKU: 8790172-CCBK-10,SKECHERS Flection Men's Lifestyle Shoes Grey,3 payments of  RM46.43 with,"0 full, 0 half, 5 off",N/A
NIKE,Nike Air Max SC Men's Lifestyle Shoes,RM269.10,10%,//al-ikhsan.com/cdn/shop/files/CW4555-018_1_178fd5a6-e107-4d8a-881c-1ddde9f0774b.jpg?crop=center&height=1100&v=1732183580&width=1100,SKU: CW4555-018-10,Nike Air Max SC Men's Lifestyle Shoes,3 payments of  RM89.70 with,"0 full, 0 half, 5 off",N/A
PUMA,PUMA Softride Carson Sliptech Men's Lifestyle Shoes Black,RM233.10,10%,//al-ikhsan.com/cdn/shop/files/310694_01_1_a17c5324-d5a7-4313-b75a-21ed6b9b62b6.jpg?crop=center&height=1100&v=1731577661&width=1100,SKU: 310694 01-7,PUMA Softride Carson Sliptech Men's Lifestyle Shoes Black,3 payments of  RM77.70 with,"0 full, 0 half, 5 off",N/A
PUMA,PUMA Enzo 2 Street Men's Lifestyle Shoes,RM259.00,N/A,//al-ikhsan.com/cdn/shop/files/310379_05_1_3e2a84e1-a068-4eae-a36c-bdbc4a42af1e.jpg?crop=center&height=1100&v=1731558910&width=1100,SKU: 310379 05-9,PUMA Enzo 2 Street Men's Lifestyle Shoes,3 payments of  RM86.33 with,"4 full, 0 half, 1 off",Good product
PUMA,PUMA Hypnotic LS Men's Lifestyle Shoes Brown,RM332.10,10%,//al-ikhsan.com/cdn/shop/files/395295_13_1_82cc1486-4a09-4b5e-aad3-9838cb10f309.jpg?crop=center&height=1100&v=1731558843&width=1100,SKU: 395295 13-10,"PRODUCT STORY
Introducing a trendy and comfortable shoe designed for consumers who want both style and comfort. This shoe is made with softride foam technology that ensures maximum comfort, even when worn for extended periods. The styles suede look and feel give it a modern, sleek appearance, making it the perfect choice for those looking to keep up with the latest fashion trends. Whether you're running errands or heading out with friends, this shoe is the perfect accessory to complete your trendy look.
FEATURES & BENEFITS
The upper of the shoes is made with at least 30% recycled materials.
SPECIFICATIONS
- Synthetic suede and mesh upper
- Softride midsole
- Rubber outsole
- Lace closure
- PUMA Cat logo on tongue and heel

Material Information
- Sockliner: 100% Textile
- Outsole: 100% Rubber
- Upper: 38.55% Textile, 37.97% Cow leather, 23.48% Synthetic
- Lining: 100% Textile",3 payments of  RM110.70 with,"0 full, 0 half, 5 off",N/A
PUMA,PUMA Hypnotic LS Men's Lifestyle Shoes Navy,RM332.10,10%,//al-ikhsan.com/cdn/shop/files/395295_15_1_057fcd9e-ccb9-4c38-9d78-3a10ee9f18a3.jpg?crop=center&height=1100&v=1731558834&width=1100,SKU: 395295 15-10,"PRODUCT STORY
Introducing a trendy and comfortable shoe designed for consumers who want both style and comfort. This shoe is made with softride foam technology that ensures maximum comfort, even when worn for extended periods. The styles suede look and feel give it a modern, sleek appearance, making it the perfect choice for those looking to keep up with the latest fashion trends. Whether you're running errands or heading out with friends, this shoe is the perfect accessory to complete your trendy look.
FEATURES & BENEFITS
The upper of the shoes is made with at least 30% recycled materials.
SPECIFICATIONS
- Synthetic suede and mesh upper
- Softride midsole
- Rubber outsole
- Lace closure
- PUMA Cat logo on tongue and heel

Material Information
- Sockliner: 100% Textile
- Outsole: 100% Rubber
- Upper: 38.55% Textile, 37.97% Cow leather, 23.48% Synthetic
- Lining: 100% Textile",3 payments of  RM110.70 with,"0 full, 0 half, 5 off",N/A
NEW BALANCE,New Balance GM500 Unisex Lifestyle Shoes Black,RM279.20,20%,//al-ikhsan.com/cdn/shop/files/GW500ADO_1_631d4bcf-e2ef-48c3-8e78-5b16cc62c89d.jpg?crop=center&height=1100&v=1731059538&width=1100,SKU: GW500ADO-10,New Balance GM500 Unisex Lifestyle Shoes Black,3 payments of  RM93.06 with,"0 full, 0 half, 5 off",N/A
NEW BALANCE,New Balance GM500 Unisex Lifestyle Shoes Pink,RM279.20,20%,//al-ikhsan.com/cdn/shop/files/GW500ADC_1_4bbb5881-2113-44d0-ad61-49ed83911cea.jpg?crop=center&height=1100&v=1731059532&width=1100,SKU: GW500ADC-10,New Balance GM500 Unisex Lifestyle Shoes Pink,3 payments of  RM93.06 with,"0 full, 0 half, 5 off",N/A
NIKE,Nike Air Max SC Men's Shoes,RM269.10,10%,//al-ikhsan.com/cdn/shop/files/CW4555-017_1_40cb5893-6e03-4f6a-b7b6-f4aea472aa14.jpg?crop=center&height=1100&v=1730270463&width=1100,SKU: CW4555-017-10,"Nike Air Max SCMen's ShoesOLD SCHOOL LOOK. NEW SCHOOL COMFORT.With its easy going lines, heritage track look and of course, visible Air cushioning, the Nike Air Max SC is the perfect finish to any outfit. The rich mixture of materials adds depth while making it a durable and lightweight shoe for everyday wear.Real and synthetic leather combine with mesh for a durable construction that's breathable and comfortable to wear all day.Originally designed for running, the Max Air unit delivers lightweight cushioning with every step.The foam midsole adds cushioning to last.The rubber outsole provides traction and durability. More Details 

Traditional lacing
Flex grooves in sole let your foot move naturally",3 payments of  RM89.70 with,"0 full, 0 half, 5 off",N/A
NEW BALANCE,New Balance 373 Lifestyle Sneakers Grey,RM314.10,10%,//al-ikhsan.com/cdn/shop/files/ML373SL2_1_41196ef5-3463-40f3-97c7-8a2acd216fed.jpg?crop=center&height=1100&v=1729842251&width=1100,SKU: ML373SL2-10,"Product DescriptionUnisex sneakers from the classic 373 series.
The upper is made of natural leather, synthetic materials and mesh.
The midsole is filled with soft EVA foam that provides good cushioning when hitting hard surfaces.
The firm and durable rubber sole with a classic pattern guarantees optimal adhesion to the surface and high comfort.
Unisex sneakers from the 373 series will do the job for everyday wear, you can create a casual outfit.",3 payments of  RM104.70 with,"0 full, 0 half, 5 off",N/A
NEW BALANCE,New Balance 373 Lifestyle Sneakers Black,RM314.10,10%,//al-ikhsan.com/cdn/shop/files/ML373AK2_1_e4b3e2e8-7a60-484e-b353-e96ab2879d15.jpg?crop=center&height=1100&v=1729842239&width=1100,SKU: ML373AK2-10,"Product DescriptionUnisex sneakers from the classic 373 series.
The upper is made of natural leather, synthetic materials and mesh.
The midsole is filled with soft EVA foam that provides good cushioning when hitting hard surfaces.
The firm and durable rubber sole with a classic pattern guarantees optimal adhesion to the surface and high comfort.
Unisex sneakers from the 373 series will do the job for everyday wear, you can create a casual outfit.",3 payments of  RM104.70 with,"0 full, 0 half, 5 off",N/A
NIKE,Nike Tanjun Men's Shoes,RM202.50,10%,//al-ikhsan.com/cdn/shop/files/DJ6258-003_1_2f3f0ec0-7c08-4cb8-acff-87035c671e4f.jpg?crop=center&height=1100&v=1729758746&width=1100,SKU: DJ6258-003-10,"Nike TanjunMen's ShoesA BEST-SELLING FAVORITE MADE BETTER.Forget the hype. The Nike Tanjun brings you simplicity at its best. Made with at least 20% recycled content by weight, no detail is overlooked on this one. Lightweight. Airy. Comfortable. This shoe is all you need.The upper materials are designed to stretch and form to your foot for a personalized feel that breaks in quickly.Foam midsole and Waffle outsole offer lightweight cushioning and traction.Low-cut, padded collar looks sleek and feels great. More Details 

Same fit and feel as original",3 payments of  RM67.50 with,"0 full, 0 half, 5 off",N/A
ADIDAS,Adidas Urban Court Men's Lifestyle Shoes,RM206.10,10%,//al-ikhsan.com/cdn/shop/files/IH4897_1_ea5b2689-291c-4b96-b3c9-b897ede8466c.jpg?crop=center&height=1100&v=1729674575&width=1100,SKU: IH4897-7,"PRODUCT DESCRIPTIONSLAID-BACK SHOES WITH EASY STYLE, MADE IN PART WITH RECYCLED MATERIALS.A streamlined modern profile gives these adidas shoes a fresh perspective on everyday life. They feature a flexible synthetic upper that rides on a rubber outsole for a solid, grippy step. Their timeless look pairs well with anything for stylish versatility.

Made with a series of recycled materials, this upper features at least 50% recycled content. This product represents just one of our solutions to help end plastic waste.PRODUCT DETAILS- Regular fit- Lace closure- Synthetic upper- Synthetic lining- Rubber outsole- Upper contains a minimum of 50% recycled contentPutty Grey/ Core Black/ White",3 payments of  RM68.70 with,"0 full, 0 half, 5 off",N/A
NIKE,Nike Court Royale 2 Low Men's Shoes,RM164.00,20%,//al-ikhsan.com/cdn/shop/files/CQ9246-105_1_687d20e4-24a3-4799-afd9-a60b74f331f1.jpg?crop=center&height=1100&v=1729582275&width=1100,SKU: CQ9246-105-7,"Nike Court Royale 2 LowMen's ShoesTENNIS STAPLE MADE STREET ICON.A flash from the past, the Nike Court Royale 2 features the same design that has rocked the streets since the late-'70s. Leather on the upper looks crisp and is easy to wear, while the large retro Swoosh design adds throwback appeal. To top it off, the modernized herringbone sole puts a twist on the classic look.The crisp leather on the upper looks sharp, adds durability and is easy to wear.The modern herringbone sole adds a fresh take on heritage styling, traction and durability.The padded, low-cut collar looks sleek and feels comfortable.The classic stitching adds Nike DNA and durability. More Details 

Comfort insole
Swoosh designs on the sides",3 payments of  RM54.66 with,"0 full, 0 half, 5 off",N/A
PUMA,PUMA Softride Pro Echo Men's Slip-On Black,RM260.10,10%,//al-ikhsan.com/cdn/shop/files/378691_16_1_cfe23846-1ae8-418a-a64f-a86dcb471920.jpg?crop=center&height=1100&v=1728977674&width=1100,SKU: 378691 16-10,"PRODUCT STORYMeet the walking shoe with running DNA for those committed to an active lifestyle. Designed with engineered knit uppers and FuzionFit technology for targeted support and comfort, the Softride Pro tooling features flex grooves for enhanced comfort and targeted rubber coverage for ample traction.FEATURES & BENEFITSSOFTRIDE: Soft foam designed for all-day cushioning and comfortDETAILS- Synthetic and leather upper- Rubber and synthetic outsole- Slip-on- One-piece engineered knit: bootie construction designed for style and snug fit- Comfort collar for increased comfort and secure lockdownMaterial InformationSockliner: 100% TextileOutsole: 60% Rubber, 40% SyntheticUpper: 95.30% Textile, 4.70% SyntheticLining: 100% Textile",3 payments of  RM86.70 with,"0 full, 0 half, 5 off",N/A
SKECHERS,SKECHERS Sports Men'S Lifestyle Shoes,RM287.10,10%,//al-ikhsan.com/cdn/shop/files/232630_CCBL_7ad0c32b-45df-4c43-b67c-fd5cfb39b5a8.jpg?crop=center&height=1100&v=1728285355&width=1100,SKU: 232630-CCBL-10,SKECHERS Sports Men'S Lifestyle Shoes,3 payments of  RM95.70 with,"0 full, 0 half, 5 off",N/A
SKECHERS,SKECHERS Sports Men'S Lifestyle Shoes Black,RM287.10,10%,//al-ikhsan.com/cdn/shop/files/232625_BBK_b8b2d2c2-13b7-4d28-b59b-12df22e02c74.jpg?crop=center&height=1100&v=1728285352&width=1100,SKU: 232625-BBK-10,SKECHERS Sports Men'S Lifestyle Shoes,3 payments of  RM95.70 with,"0 full, 0 half, 5 off",N/A
SKECHERS,Skechers Flection 3.0 Men Lifestyle,RM139.30,30%,//al-ikhsan.com/cdn/shop/files/8790219_NVY_d85e619e-d50e-4341-9b2d-057e2aa304f3.jpg?crop=center&height=1100&v=1728285342&width=1100,SKU: 8790219-NVY-10,Skechers Flection 3.0 Men Lifestyle,3 payments of  RM46.43 with,"0 full, 0 half, 5 off",N/A
NIKE,Nike Waffle Debut Men's Shoes Brown,RM219.00,40%,//al-ikhsan.com/cdn/shop/files/fj4195-100_f.jpg?crop=center&height=1100&v=1726657395&width=1100,SKU: FJ4195-100-10,"Nike Waffle DebutMen's ShoesRetro gets modernized with these sleek sneaks inspired by the Nike Daybreak. Era-echoing suede and nylon are paired in complementary colors, and the updated wedge midsole gives you an extra lift. Style, comfort, iconic Waffle outsole?‚Ç¨?this is a perfect new addition to your daily rotation.Lifted foam midsoles give you an elevated look and all-day comfort.Soft suede overlays nod to vintage materials while textile underlays add durability.Rubber Waffle outsole adds durable traction and heritage style. More Details 

Padded collar
Exposed foam tongue
Traditional lacing
Perforations on heel

PRODUCT COLOUR :  White/ Black/ Phantom/ Summit White",3 payments of  RM73.00 with,"5 full, 0 half, 0 off","Size fits well. Delivery is also efficient, the tracking is accurate and the dispatcher informed me after the item have been delivered. The item is genuine product and the quality is very good."
NIKE,NIKE COURT VISION MID NEXT NATURE MEN'S SHOES WHITE,RM185.40,40%,//al-ikhsan.com/cdn/shop/files/d_n_dn3577-100_f.jpg?crop=center&height=1100&v=1726657147&width=1100,SKU: DN3577-100-10,"Nike Court Vision Mid Next NatureMen's ShoesFRESH OFF THE COURT.In love with the classic look of '80s basketball but have a thing for the fast-paced culture of today's game? Meet the Nike Court Vision Mid. A classic remixed with at least 20% recycled materials by weight. We replaced leather with recycled and synthetic materials that keeps the soul of the original style. Its crisp upper and stitched overlays stays true to its origins. The plush collar keeps it sleek and comfortable for your world.Made with at least 20% recycled material by weight.Using synthetic materials, the design features materials that echo mid-1980s basketball shoes.Padded collar looks sleek and feels great while the perforations on the toe and sides add comfort and breathability.",3 payments of  RM61.80 with,"0 full, 0 half, 5 off",N/A
SKECHERS,Skechers Women Lifestyle Go Walk 7 Black,RM351.20,20%,//al-ikhsan.com/cdn/shop/files/216633-CCBK_F_562559a2-de68-4607-9784-0eb6009a4aef.jpg?crop=center&height=1100&v=1726633492&width=1100,SKU: 216633-CCBK-10,"No cancellation of order, EXCHANGE, or refund will be entertained, unless the item you have ordered is out of stock or we are unable to fulfill your order for any reason whatsoever.If an item is defective, we will replace the item once the defective item is returned to us, provided that we receive notice of the defect within seven (7) days of receipt of such defective item by you, together with the receipt evidencing the purchase made by you.Read Complete Policy ¬ª",3 payments of  RM117.06 with,"0 full, 0 half, 5 off",N/A
PUMA,PUMA Softride Pro Echo Slip-On Men's Lifestyle Shoe,RM289.00,N/A,//al-ikhsan.com/cdn/shop/files/bee47753e88647ed3a47d7e4fe41d7d0-463x463.jpg?crop=center&height=463&v=1726132778&width=463,SKU: 378691 07-6,"PRODUCT STORY
Meet the walking shoe with running DNA for those committed to an active lifestyle. Designed with engineered knit uppers and FuzionFit technology for targeted support and comfort, the Softride Pro tooling features flex grooves for enhanced comfort and targeted rubber coverage for ample traction.

FEATURES & BENEFITS

SOFTRIDE: Soft foam designed for all-day cushioning and comfort



DETAILS

Synthetic and leather upper
Rubber and synthetic outsole
Slip-on
One-piece engineered knit: bootie construction designed for style and snug fit
Comfort collar for increased comfort and secure lockdown
White/Black",3 payments of  RM96.33 with,"0 full, 0 half, 5 off",N/A
SKECHERS,SKECHERS Flection 3.0 Men's Lifestyle Shoes Black,RM159.20,20%,//al-ikhsan.com/cdn/shop/files/8790233-BKRD_2.jpg?crop=center&height=1100&v=1731469163&width=1100,SKU: 8790233-BKRD-10,"Liverpool FC Stadium GoalkeeperMen's Nike Dri-FIT Soccer Replica Short-Sleeve JerseyOur Stadium collection pairs replica design details with sweat-wicking technology to give you a game-ready look inspired by your favorite team.Nike Dri-FIT technology moves sweat away from your skin for quicker evaporation, helping you stay dry and comfortable.Replica design gives you details modeled after what the team wears. More Details 

100% polyester
Machine wash
Imported
100% POLYESTER
View Product Details

X0",3 payments of  RM53.06 with,"0 full, 0 half, 5 off",N/A
PUMA,PUMA Hypnotic LS Men's Shoes Black,RM369.00,N/A,//al-ikhsan.com/cdn/shop/files/395295_02_s.jpg?crop=center&height=1100&v=1724055083&width=1100,SKU: 395295 02-11,"PRODUCT STORY
Introducing a trendy and comfortable shoe designed for consumers who want both style and comfort. This shoe is made with softride foam technology that ensures maximum comfort, even when worn for extended periods. The styles suede look and feel give it a modern, sleek appearance, making it the perfect choice for those looking to keep up with the latest fashion trends. Whether you're running errands or heading out with friends, this shoe is the perfect accessory to complete your trendy look.

FEATURES & BENEFITS
The upper of the shoes is made with at least 30% recycled materials.
DETAILS
Synthetic suede and mesh upper
Softride midsole
Rubber outsole
Lace closure
PUMA Cat logo on tongue and heel",3 payments of  RM123.00 with,"0 full, 0 half, 5 off",N/A
FILA,FILA Court Lite Lifestyle Shoes Beige,RM175.20,20%,//al-ikhsan.com/cdn/shop/files/1TM01781G-920_1.jpg?crop=center&height=1100&v=1731477420&width=1100,SKU: 1TM01781G-920-230,"Liverpool FC Stadium GoalkeeperMen's Nike Dri-FIT Soccer Replica Short-Sleeve JerseyOur Stadium collection pairs replica design details with sweat-wicking technology to give you a game-ready look inspired by your favorite team.Nike Dri-FIT technology moves sweat away from your skin for quicker evaporation, helping you stay dry and comfortable.Replica design gives you details modeled after what the team wears. More Details 

100% polyester
Machine wash
Imported

100% POLYESTER


View Product Details



X
0",3 payments of  RM58.40 with,"0 full, 0 half, 5 off",N/A
PUMA,PUMA Hypnotic LS Men's Shoes White,RM295.20,20%,//al-ikhsan.com/cdn/shop/files/395295_04_f.jpg?crop=center&height=1100&v=1723093001&width=1100,SKU: 395295 04-6H,Puma Hypnotic LS Men's Shoes White,3 payments of  RM98.40 with,"0 full, 0 half, 5 off",N/A
ADIDAS,Adidas Predator Freestyle Men's Futsal Shoes Grey,RM359.20,20%,//al-ikhsan.com/cdn/shop/files/if8351_f.jpg?crop=center&height=1100&v=1723090627&width=1100,SKU: IF8351-6,"PRODUCT DESCRIPTIONS
PREDATOR BOOTS FOR CASUAL PLAY AND OFF-PITCH WEAR. 
The game's all about goals, and these football boots are crafted to find the net. Every. Time. Target perfection in all-new adidas Predator. Ideal for casual games and wearing beyond the touchline, they share the same comfortable suede and mesh upper as the specialist indoor court Preds. Beneath that lightweight Lightstrike midsole, though, sits a grippy Samba outsole.
PRODUCT DETAILS
-  Regular fit
-  Lace closure
-  Suede and mesh upper
-  Lightstrike cushioning
-  Anti-abrasive toe cap
-  Product Colour :  Grey One F17/ Cloud White/  Team Solar Yellow 2",3 payments of  RM119.73 with,"0 full, 0 half, 5 off",N/A
PUMA,PUMA Court Classic Vulcanized Mid Men's Sneakers Black,RM188.30,30%,//al-ikhsan.com/cdn/shop/files/396149_02_f.jpg?crop=center&height=1100&v=1723090057&width=1100,SKU: 396149 02-6,PUMA Court Classic Vulcanized Mid Men's Sneakers Black,3 payments of  RM62.76 with,"0 full, 0 half, 5 off",N/A
PUMA,PUMA Trinity Lite Men's Sneakers Black,RM251.30,30%,//al-ikhsan.com/cdn/shop/files/389292_19_f.jpg?crop=center&height=1100&v=1723089660&width=1100,SKU: 389292 19-11,"PRODUCT STORY
The Trinity Lite takes inspiration from running shoes and adds chunky retro elements to up your style. These sneakers feature synthetic overlays set against a mesh upper, and a SoftFoam+ sockliner to provide underfoot cushioning, every step of your day.
FEATURES & BENEFITS
Recycled Content : The upper of this shoe is made with at least 20% recycled materials as a step toward a better future
SOFTFOAM+ : Step-in comfort sockliner designed to provide soft cushioning thanks to its extra thick heel
PRODUCT DETAILS
-  Mesh upper with synthetic overlays
-  IMEVA midsole featuring PUMA branding
-  Rubber pods on outsole
-  Futro aesthetic
-  PUMA Formstrip on medial and lateral sides
-  PUMA Cat Logo on back heel
MATERIAL INFORMATION
Sockliner : 100% Textile
Outsole : 70% Synthetic, 30% Rubber
Upper : 69.70% Synthetic, 30.30% Textile
Lining : 100% Textile
PRODUCT COLOUR :  Puma Black/ Silver Mist/  Puma White/  Clementine",3 payments of  RM83.76 with,"0 full, 0 half, 5 off",N/A
PUMA,PUMA Trinity Lite Men's Sneakers White,RM251.30,30%,//al-ikhsan.com/cdn/shop/files/389292_20_f.jpg?crop=center&height=1100&v=1723087564&width=1100,SKU: 389292 20-10,"PRODUCT STORY
The Trinity Lite takes inspiration from running shoes and adds chunky retro elements to up your style. These sneakers feature synthetic overlays set against a mesh upper, and a SoftFoam+ sockliner to provide underfoot cushioning, every step of your day.
FEATURES & BENEFITS
Recycled Content : The upper of this shoe is made with at least 20% recycled materials as a step toward a better future
SOFTFOAM+ : Step-in comfort sockliner designed to provide soft cushioning thanks to its extra thick heel
PRODUCT DETAILS
-  Mesh upper with synthetic overlays
-  IMEVA midsole featuring PUMA branding
-  Rubber pods on outsole
-  Futro aesthetic
-  PUMA Formstrip on medial and lateral sides
-  PUMA Cat Logo on back heel
MATERIAL INFORMATION
Sockliner : 100% Textile
Outsole : 70% Synthetic, 30% Rubber
Upper : 69.70% Synthetic, 30.30% Textile
Lining : 100% Textile
PRODUCT COLOUR :  Silver Mist/  Puma Black/  Puma White/  Club Red",3 payments of  RM83.76 with,"0 full, 0 half, 5 off",N/A
UMBRO,Umbro Terrace Men's Shoes Blue,RM149.40,40%,//al-ikhsan.com/cdn/shop/files/40417u-mdh_f.jpg?crop=center&height=1100&v=1723087328&width=1100,SKU: 40417U-MDH-10,Umbro Terrace Men's Shoes Blue,3 payments of  RM49.80 with,"0 full, 0 half, 5 off",N/A
UMBRO,Umbro Terrace Men's Shoes White,RM149.40,40%,//al-ikhsan.com/cdn/shop/files/40417u-me7_f.jpg?crop=center&height=1100&v=1723087318&width=1100,SKU: 40417U-ME7-10,Umbro Terrace Men's Shoes White,3 payments of  RM49.80 with,"0 full, 0 half, 5 off",N/A
UMBRO,Umbro Diamondback 500T Men's Shoes White,RM149.40,40%,//al-ikhsan.com/cdn/shop/files/40419u-me6_f.jpg?crop=center&height=1100&v=1723087297&width=1100,SKU: 40419U-ME6-10,Umbro Diamondback 500T Men's Shoes White,3 payments of  RM49.80 with,"0 full, 0 half, 5 off",N/A
SKECHERS,Skechers Track Men's Shoes Black,RM223.30,30%,//al-ikhsan.com/cdn/shop/files/232698-bkcc_f.jpg?crop=center&height=1100&v=1723086921&width=1100,SKU: 232698-BKCC-10,"PRODUCT DESCRIPTIONS
Add flexible comfort to your workouts with Skechers Track - Broader. This vegan training lace-up features an engineered mesh and synthetic upper with a cushioned Skechers Memory Foam√¢‚Äû¬¢ insole.
PRODUCT DETAILS
- Skechers Memory Foam√¢‚Äû¬¢ cushioned comfort insole
- Crafted with 100% vegan materials
- Lightweight training lace-up with an engineered mesh and synthetic upper
- Flexible cushioned midsole
- Super flexible traction outsole
- Machine washable
- Skechers√Ç¬Æ logo detail",3 payments of  RM74.43 with,"0 full, 0 half, 5 off",N/A
ASICS,Asics Japan S Men's Sneakers Grey,RM149.50,50%,//al-ikhsan.com/cdn/shop/files/1201a173-021_1_3.jpg?crop=center&height=1100&v=1723086627&width=1100,SKU: 1201A173-021-10,"PRODUCT DESCRIPTIONS
Iconic court details re-imagined through a modern lens.

The JAPAN S√¢‚Äû¬¢ shoes are based on one of our throwback offerings from 1981. This reworked iteration is formed with a low-top silhouette that's complete with a court-inspired toe box and throwback colorways. Updated with a modified cupsole, this shoe is offers comfortable underfoot cushioning. Mimicking the aesthetic of a heritage basketball sneaker, this style is also paired with nostalgic branding, like the ASICS√Ç¬Æ Stripes on the quarter-panels and ""ASICS√Ç¬Æ"" lettering at the heel. The JAPAN S√¢‚Äû¬¢ shoe's vintage basketball aesthetic is also paired with iconic court-specific details that are inspired by footwear worn by basketball players in the 1980s.
PRODUCT DETAILS
-  Based on the original 1981 model
-  Modified cupsole
-  Timeless design
-  Product Width :  Standard
-  Product Colour : Clay Grey/ Oyster Grey",3 payments of  RM49.83 with,"0 full, 0 half, 5 off",N/A
NIKE,Nike Air Max Sc Men's Shoes Brown,RM255.50,30%,//al-ikhsan.com/cdn/shop/files/fq6015-200_f.jpg?crop=center&height=1100&v=1723086166&width=1100,SKU: FQ6015-200-10,"Nike Air Max SCMen's ShoesWith its easy going lines, heritage track look and of course, visible Air cushioning, the Nike Air Max SC is the perfect finish to any outfit. The rich mixture of materials adds depth while making it a durable and lightweight shoe for everyday wear.Leather, textile and mesh combine for a durable construction that's breathable and comfortable to wear all day.Originally designed for performance running, the Max Air unit delivers lightweight cushioning with every step.The foam midsole adds cushioning to last.The rubber outsole provides traction and durability. More Details 

Traditional lacing
Flex grooves in sole let your foot move naturally.

PRODUCT COLOUR : Neutral Olive/ Medium Olive/ Light Bone",3 payments of  RM85.16 with,"0 full, 0 half, 5 off",N/A
NIKE,Nike Air Max Solo Men's Shoes Brown,RM307.30,30%,//al-ikhsan.com/cdn/shop/files/fn0136-001_f.jpg?crop=center&height=1100&v=1723085412&width=1100,SKU: FN0136-001-10,"Nike Air Max SoloMen's ShoesTransition from winter to spring in comforting neutrals with a functional feel. These sneakers are for the Air Max superfans, combining elements from past Air Max models like the AM90-inspired heel cup. The AM180 influences the textured Air unit, which delivers just the right amount of cushioning. Go ahead√¢‚Ç¨‚ÄùMax out your look.Synthetic leather in the upper with airy mesh is durable and breathable.Plush and comfortable, Max Air cushioning has just the right amount of support.Rubber outsole gives you durable traction. More Details 

Foam midsole
Rubber outsole

PRODUCT COLOUR : Light Bone/ Neutral Olive/ Neutral Olive",3 payments of  RM102.43 with,"0 full, 0 half, 5 off",N/A
NIKE,Nike Air Max SYSTM Men's Shoes White,RM239.40,40%,//al-ikhsan.com/cdn/shop/files/dm9537-105_f.jpg?crop=center&height=1100&v=1723084688&width=1100,SKU: DM9537-105-10,"Nike Air Max SYSTMMen's ShoesLooks Max, feels Max. The Air Max SYSTM brings back everything you love about your favorite '80s vibes (without the parachute pants). Tried-and-true visible Nike Air cushioning pairs with a sleek, sport-inspired upper. It's Air Max delivering again.Air Max AttitudeOriginally designed for performance running, Max Air cushioning delivers time-tested comfort.Vintage VibesInspired by all your favorite Air Max models from the '80s, you get heritage aesthetics with a modern feel.Lasting StyleMixed material upper delivers durability and breathability while a rubber outsole adds traction that lasts.
PRODUCT COLOUR :  White/ Stadium Green/ Black",3 payments of  RM79.80 with,"0 full, 0 half, 5 off",N/A
ADIDAS,Adidas Cloudfoam Move Sock Men's Shoes Blue,RM188.30,30%,//al-ikhsan.com/cdn/shop/files/id6521_f.jpg?crop=center&height=1100&v=1723083542&width=1100,SKU: ID6521-10,Adidas Cloudfoam Move Sock Men's Shoes BLUE,3 payments of  RM62.76 with,"0 full, 0 half, 5 off",N/A
ADIDAS,Adidas Kantana Men's Shoes WHITE,RM189.50,50%,//al-ikhsan.com/cdn/shop/files/i_g_ig9818_f.jpg?crop=center&height=1100&v=1723023051&width=1100,SKU: IG9818-6,"PRODUCT DESCRIPTIONS
STYLE THAT SYNCS COMFORT AND GOOD LOOKS.
Match point might have inspired these sleek adidas shoes, but their easy wearability goes way beyond the tennis court. Designed for everyday life, these sneakers have a leather upper detailed with soft suede overlays. The perforated toe cap punctuates the look, just like the smooth rubber outsole shapes the silhouette. Step into that moulded sockliner and you'll see   comfort wins day after day.
PRODUCT DETAILS
-  Regular fit
-  Lace closure
-  Leather upper with suede overlays
-  Padded collar
-  Textile lining
-  Moulded sockliner
-  Product Colour :  White/  Dash Grey/  Core Black",3 payments of  RM63.16 with,"0 full, 0 half, 5 off",N/A
SKECHERS,SKECHERS SPORTS FLECTION MEN'S SHOES GREY,RM181.30,30%,//al-ikhsan.com/cdn/shop/files/8_7_8790087-ccbk_f.jpg?crop=center&height=1100&v=1723021942&width=1100,SKU: 8790087-CCBK-10,"PRODUCT STORY 
Get the best of comfort and style in the SKECHERS Flection shoes. A mesh lace-up sporty sneaker design with Air Cooled Memory Foam.
PRODUCT STORY
-  Air-Cooled Memory Foam√É‚Äö√Ç¬Æ cushioned comfort insole
-  Lace-up sporty sneaker design
-  1 1/2 inch heel
-  Skechers√É‚Äö√Ç¬Æ logo detail",3 payments of  RM60.43 with,"0 full, 0 half, 5 off",N/A
SKECHERS,Skechers Terren Men's Shoes Grey,RM129.50,50%,//al-ikhsan.com/cdn/shop/files/8790100-CCBK_1_d463fbcf-e42a-488b-9938-02ad2f841fa7.jpg?crop=center&height=1100&v=1729755677&width=1100,SKU: 8790100-CCBK-10,TERREN GREY,3 payments of  RM43.16 with,"0 full, 0 half, 5 off",N/A
SKECHERS,Skechers Terren Men's Shoes Black,RM129.50,50%,//al-ikhsan.com/cdn/shop/files/8790100-BKRD_1.jpg?crop=center&height=1100&v=1729238554&width=1100,SKU: 8790100-BKRD-10,Skechers Terren Men's Shoes Black,3 payments of  RM43.16 with,"0 full, 0 half, 5 off",N/A
SKECHERS,SKECHERS MEN MODERN COOL LIFESTYLE BLACK,RM181.30,30%,//al-ikhsan.com/cdn/shop/files/8_7_8790014-bkor_f.jpg?crop=center&height=1100&v=1723021852&width=1100,SKU: 8790014-BKOR-10,SKECHERS MEN MODERN COOL LIFESTYLE BLACK,3 payments of  RM60.43 with,"0 full, 0 half, 5 off",N/A
SKECHERS,Skechers Burns 2.0 Men's Shoes GREY,RM181.30,30%,//al-ikhsan.com/cdn/shop/files/8790195-CCRD_1.jpg?crop=center&height=1100&v=1729755987&width=1100,SKU: 8790195-CCRD-12,"PRODUCT DESCRIPTIONS
Enjoy the simple comfort and casual style of Skechers Burns 2.0. This lace up features a mesh and synthetic upper and a Skechers Memory Foam√É¬¢√¢‚Ç¨≈æ√Ç¬¢ cushioned comfort insole.
PRODUCT DETAILS
- Skechers Memory Foam√É¬¢√¢‚Ç¨≈æ√Ç¬¢ cushioned comfort insole
- Shock-absorbing midsole
- Flexible traction outsole
- Skechers√É‚Äö√Ç¬Æ logo detail",3 payments of  RM60.43 with,"0 full, 0 half, 5 off",N/A
PUMA,PUMA MEN SUEDE CLASSIC XXI TRAINERS LIFESTYLE RED,RM194.50,50%,//al-ikhsan.com/cdn/shop/files/3_7_374915-06_f.jpg?crop=center&height=1100&v=1723020373&width=1100,SKU: 374915 06-11,"With its huge impact on footwear culture, PUMA's most iconic trainer first hit the scene in 1968 and has been worn by icons of every generation since. The Suede Classic XXI features a full suede upper alongside some modern touches for an improved overall quality and feel to an all-time great.",3 payments of  RM64.83 with,"0 full, 0 half, 5 off",N/A
PUMA,PUMA MEN SUEDE CLASSIC XXI TRAINERS LIFESTYLE BLACK,RM194.50,50%,//al-ikhsan.com/cdn/shop/files/3_7_374915-01_f.jpg?crop=center&height=1100&v=1723020363&width=1100,SKU: 374915 01-11,"With its huge impact on footwear culture, PUMA's most iconic trainer first hit the scene in 1968 and has been worn by icons of every generation since. The Suede Classic XXI features a full suede upper alongside some modern touches for an improved overall quality and feel to an all-time great.",3 payments of  RM64.83 with,"0 full, 0 half, 5 off",N/A
NIKE,NIKE COURT VISION LOW NEXT NATURE LIFESTYLE SHOES BLACK,RM220.00,20%,//al-ikhsan.com/cdn/shop/files/d_h_dh2987_001_f.jpg?crop=center&height=1100&v=1723016547&width=1100,SKU: DH2987-001-10,"Nike Court Vision Low Next NatureMen's ShoesFRESH OFF THE COURT.In love with the classic look of '80s basketball but have a thing for the fast-paced culture of today's game? Meet the Nike Court Vision Low. A classic remixed with at least 20% recycled materials by weight, its crisp upper and stitched overlays keep the soul of the original style. The plush, low-cut collar keeps it sleek and comfortable for your world.Made with at least 20% recycled material by weight.Whenever you see the Nike Sunburst or the name Next Nature (NN), you see one more step on our journey toward zero carbon and zero waste.Using synthetic materials, the design features materials that echo mid-1980s basketball shoes.Padded, low-cut collar looks sleek and feels great while the perforations on the toe and sides add comfort and breathability. More Details 

Perforations on the toe and sides
Rubber outsole",3 payments of  RM73.33 with,"0 full, 0 half, 5 off",N/A
NIKE,NIKE COURT ROYALE 2 NEXT NATURE MEN'S SHOES BLACK,RM184.50,10%,//al-ikhsan.com/cdn/shop/files/d_h_dh3160-001_f.jpg?crop=center&height=1100&v=1723016517&width=1100,SKU: DH3160-001-10,"Nike Court Royale 2 Next NatureMen's ShoesRETRO TENNIS STAPLE.A flash from the past meets modern times. The Nike Court Royale 2 Next Nature is made with at least 20% recycled content. Its synthetic upper looks crisp, feels smooth and is easy to wear. The large, retro Swoosh adds throwback appeal.Synthetic leather upper looks sharp, adds durability and is easy to style.Herringbone sole adds a fresh take on heritage styling, traction and durability.Padded, low-cut collar looks sleek and feels comfortable. More Details 

Comfort sockliner
Debossed Swoosh on the heel
Large Swoosh",3 payments of  RM61.50 with,"0 full, 0 half, 5 off",N/A
NIKE,NIKE COURT ROYALE 2 NEXT NATURE MEN'S SHOES WHITE,RM205.00,N/A,//al-ikhsan.com/cdn/shop/files/d_h_dh3160-101_f.jpg?crop=center&height=1100&v=1723016527&width=1100,SKU: DH3160-101-11,NIKE COURT ROYALE 2 NEXT NATURE MEN'S SHOES WHITE,3 payments of  RM68.33 with,"0 full, 0 half, 5 off",N/A
FILA,FILA Ray Bumper Unisex Lifestyle Shoes Beige,RM319.00,N/A,//al-ikhsan.com/cdn/shop/files/1RM02696G-113_1_7c6c4510-e328-463c-b074-f173e8cb5ab2.jpg?crop=center&height=1100&v=1734080898&width=1100,SKU: 1RM02696G-113-240,A new chunky silhouette with mix material fabric and synthetic material upper and padded lining provides cushioning while wearing and extra comfortable.,3 payments of  RM106.33 with,"0 full, 0 half, 5 off",N/A
PUMA,PUMA Trinity Lite Men's Lifestyle Shoes Multi,RM359.00,N/A,//al-ikhsan.com/cdn/shop/files/389292_24_1_c984d0f7-4b14-40d1-9a64-9dafc17ec83c.jpg?crop=center&height=1100&v=1734080906&width=1100,SKU: 389292 24-10,The Trinity Lite takes inspiration from running shoes and adds chunky retro elements to up your style. These sneakers feature synthetic overlays set against a mesh upper,3 payments of  RM119.66 with,"0 full, 0 half, 5 off",N/A
PUMA,PUMA Club II Era Men's Lifestyle Shoes White,RM329.00,N/A,//al-ikhsan.com/cdn/shop/files/397447_06_1_b3e79b02-6b06-4077-ba55-7d3d4b0d4677.jpg?crop=center&height=1100&v=1734080940&width=1100,SKU: 397447 06-10,Step onto the streets in retro-inspired style. The PUMA Club II Era sneakers blend football heritage with modern design in smooth suede and leather. Superior cushioning,3 payments of  RM109.66 with,"0 full, 0 half, 5 off",N/A
PUMA,PUMA Club II Era Men's Lifestyle Shoes White Black,RM329.00,N/A,//al-ikhsan.com/cdn/shop/files/397447_07_1_3a74944a-e920-4a60-a20f-4fb890dbf434.jpg?crop=center&height=1100&v=1734080948&width=1100,SKU: 397447 07-10,Step onto the streets in retro-inspired style. The PUMA Club II Era sneakers blend football heritage with modern design in smooth suede and leather. Superior cushioning,3 payments of  RM109.66 with,"0 full, 0 half, 5 off",N/A
SKECHERS,SKECHERS Flection 3.0 Men's Lifestyle Shoes Black,RM159.20,20%,//al-ikhsan.com/cdn/shop/files/8790219-BKW_1_da17bd34-5adb-4468-a2e8-b3fd9d938376.jpg?crop=center&height=1100&v=1734596987&width=1100,SKU: 8790219-BKW-10,"SKECHERS Flection 3.0 Men's Lifestyle Shoes Black
For : Men's
Color : Black, white and Blue",3 payments of  RM53.06 with,"0 full, 0 half, 5 off",N/A
FILA,FILA Ray Run V2 Unisex Lifestyle Shoes Brown,RM289.00,N/A,//al-ikhsan.com/cdn/shop/files/1RA02851G_925_1.jpg?crop=center&height=1100&v=1734940050&width=1100,SKU: 1RA02851G-925-230,"FILA Ray Run V2 Unisex Lifestyle Shoes Brown
Brand : FILA
For: Men & Women (Unisex)
Size in : US",3 payments of  RM96.33 with,"0 full, 0 half, 5 off",N/A
FILA,FILA Oakmont TR V3 Unisex Lifestyle Shoes White,RM278.10,10%,//al-ikhsan.com/cdn/shop/files/1RM02706F_147_1.jpg?crop=center&height=1100&v=1734941032&width=1100,SKU: 1RM02706G-147-230,"FILA Oakmont TR V3 Unisex Lifestyle Shoes White
Brand : FILA
For: Unisex
Size in: Korea",3 payments of  RM92.70 with,"0 full, 0 half, 5 off",N/A
FILA,FILA Tenacity 99/24 MF Unisex Lifestyle Shoes Grey,RM289.00,N/A,//al-ikhsan.com/cdn/shop/files/1RM02871G_071_1_b28f7dfe-8516-45ce-8118-d9c076bf61be.jpg?crop=center&height=1100&v=1734944931&width=1100,SKU: 1RM02871G-071-240,FILA Tenacity 99/24 MF Unisex Lifestyle Shoes Grey,3 payments of  RM96.33 with,"0 full, 0 half, 5 off",N/A
NIKE,Nike Offcourt Adjust Men's Slides White,RM179.00,N/A,//al-ikhsan.com/cdn/shop/files/DQ9624-101_2_064f3cf8-e31a-4f74-9ce6-77a871c19447.jpg?crop=center&height=1100&v=1735013658&width=1100,SKU: DQ9624-101-7,"Nike Offcourt Adjust Men's Slides
Post game, errands and more‚Äîadjust your comfort on the go. The adjustable, padded strap lets you perfect your fit, while the lightweight foam midsole brings first-class comfort to your feet.¬†Contoured footbed cradles your foot to help keep it in place.
Dual-density foam provides lightweight cushioning. Hook-and-loop strap is lined with soft fabric for extra comfort. Logo label doubles as a pull tab to help open the strap.
Outsole features a pivot circle pattern for durability and traction.",3 payments of  RM59.66 with,"0 full, 0 half, 5 off",N/A
NIKE,Nike Air Max Cirro Men's Slides Black Grey,RM175.00,N/A,//al-ikhsan.com/cdn/shop/files/DC1460-014_2_9c5fefb1-a090-4cc3-acb7-b0dbe0b00b20.jpg?crop=center&height=1100&v=1735201175&width=1100,SKU: DC1460-014-7,"Nike Air Max Cirro¬†Men's Slides
SPORTY AND COMFY. MODERNIZED.
Whether you're hitting the gym or headed to the store, we've created a perfect go-between that delivers quick style and incredible comfort. Large, visible Air in the heel pairs with a comfy foam footbed for a striking statement in comfort.

Large Air unit in the heel delivers a modern look with incredible cushioning.
Plush strap feels soft and includes sporty ""AIR"" on the side and large Swoosh on top.
Foam footbed feels incredible straight out of the box. Cradled design and texture pattern helps keep your foot from sliding.",3 payments of  RM58.33 with,"0 full, 0 half, 5 off",N/A
NIKE,Nike Court Vision Low Next Nature Men's Shoes White Burgundy,RM247.50,10%,//al-ikhsan.com/cdn/shop/files/DH2987-113_2_ede5ba4d-b1ef-48bf-a808-fb0ee6189bf7.jpg?crop=center&height=1100&v=1735266392&width=1100,SKU: DH2987-113-10,"Nike Court Vision Low Next Nature Men's Shoes
FRESH OFF THE COURT.
In love with the classic look of '80s basketball but have a thing for the fast-paced culture of today's game? Meet the Nike Court Vision Low. A classic remixed with at least 20% recycled materials by weight, its crisp upper and stitched overlays keep the soul of the original style. The plush, low-cut collar keeps it sleek and comfortable for your world.
Made with at least 20% recycled material by weight. Whenever you see the Nike Sunburst or the name Next Nature (NN), you see one more step on our journey toward zero carbon and zero waste.
Using synthetic materials, the design features materials that echo mid-1980s basketball shoes. Padded, low-cut collar looks sleek and feels great while the perforations on the toe and sides add comfort and breathability
More Details:

Perforations on the toe and sides
Rubber outsole.",3 payments of  RM82.50 with,"0 full, 0 half, 5 off",N/A
